{
  "accuracy": [
    0.5115000009536743,
    0.5501428842544556,
    0.6717143058776855,
    0.7350714206695557,
    0.7557857036590576,
    0.7619285583496094,
    0.7617142796516418,
    0.7619285583496094,
    0.7620000243186951,
    0.762071430683136,
    0.7618571519851685,
    0.7618571519851685,
    0.7618571519851685,
    0.763785719871521,
    0.7712143063545227,
    0.7825000286102295,
    0.7922857403755188,
    0.8036428689956665,
    0.814214289188385,
    0.8217856884002686
  ],
  "loss": [
    0.7012299299240112,
    0.645322322845459,
    0.606158435344696,
    0.5743080973625183,
    0.5466679930686951,
    0.5204200148582458,
    0.4969988167285919,
    0.477015882730484,
    0.46265286207199097,
    0.45374518632888794,
    0.4478081166744232,
    0.44251033663749695,
    0.43783652782440186,
    0.4337621331214905,
    0.4297632575035095,
    0.42567339539527893,
    0.4214971363544464,
    0.4171302616596222,
    0.4125787913799286,
    0.4078715145587921
  ],
  "val_accuracy": [
    0.5638333559036255,
    0.5928333401679993,
    0.6859999895095825,
    0.7260000109672546,
    0.7396666407585144,
    0.7396666407585144,
    0.7379999756813049,
    0.7400000095367432,
    0.7401666641235352,
    0.7401666641235352,
    0.7403333187103271,
    0.7401666641235352,
    0.7415000200271606,
    0.7440000176429749,
    0.7551666498184204,
    0.7648333311080933,
    0.7745000123977661,
    0.784333348274231,
    0.7973333597183228,
    0.8029999732971191
  ],
  "val_loss": [
    0.6597380638122559,
    0.6212744116783142,
    0.5909001231193542,
    0.5645521283149719,
    0.5410504341125488,
    0.5200712084770203,
    0.5014116168022156,
    0.4863106310367584,
    0.47645750641822815,
    0.47015658020973206,
    0.4650256335735321,
    0.4598603844642639,
    0.45571717619895935,
    0.45175406336784363,
    0.4477870762348175,
    0.44371041655540466,
    0.4394652843475342,
    0.43503156304359436,
    0.43045374751091003,
    0.4257069528102875
  ]
}