{
  "accuracy": [
    0.5402857065200806,
    0.7171428799629211,
    0.7457143068313599,
    0.75685715675354,
    0.7572857141494751,
    0.7580000162124634,
    0.7582142949104309,
    0.7588571310043335,
    0.7654285430908203,
    0.781499981880188,
    0.790071427822113,
    0.796500027179718,
    0.8053571581840515,
    0.8104285597801208,
    0.8159999847412109,
    0.819857120513916,
    0.821071445941925,
    0.8240000009536743,
    0.8250714540481567,
    0.8283571600914001
  ],
  "loss": [
    0.6999328136444092,
    0.6149043440818787,
    0.5544949769973755,
    0.5137694478034973,
    0.4848989248275757,
    0.46585553884506226,
    0.4533870220184326,
    0.44477716088294983,
    0.43836602568626404,
    0.43314269185066223,
    0.42840149998664856,
    0.42393290996551514,
    0.4196197986602783,
    0.4153536558151245,
    0.4110855162143707,
    0.4068256914615631,
    0.40257728099823,
    0.3983963131904602,
    0.3942805230617523,
    0.3901907503604889
  ],
  "val_accuracy": [
    0.6653333306312561,
    0.7101666927337646,
    0.7308333516120911,
    0.7335000038146973,
    0.7335000038146973,
    0.7348333597183228,
    0.7360000014305115,
    0.7369999885559082,
    0.7509999871253967,
    0.762499988079071,
    0.7699999809265137,
    0.7798333168029785,
    0.7879999876022339,
    0.7944999933242798,
    0.7963333129882812,
    0.799833357334137,
    0.8004999756813049,
    0.8034999966621399,
    0.8040000200271606,
    0.8075000047683716
  ],
  "val_loss": [
    0.6487491130828857,
    0.591026246547699,
    0.5485037565231323,
    0.5174345970153809,
    0.49452900886535645,
    0.4793546497821808,
    0.46898120641708374,
    0.46153658628463745,
    0.45583173632621765,
    0.4508976638317108,
    0.44631853699684143,
    0.4419383406639099,
    0.43766435980796814,
    0.4334047734737396,
    0.4292029142379761,
    0.42501795291900635,
    0.42082929611206055,
    0.41673243045806885,
    0.4126547873020172,
    0.4085924029350281
  ]
}