{
  "classification_report": "              precision    recall  f1-score   support\n\n           0     0.9356    0.7091    0.8068      3400\n           1     0.7111    0.9362    0.8082      2600\n\n    accuracy                         0.8075      6000\n   macro avg     0.8233    0.8226    0.8075      6000\nweighted avg     0.8383    0.8075    0.8074      6000\n",
  "confusion_matrix": [
    [
      2411,
      989
    ],
    [
      166,
      2434
    ]
  ],
  "roc_auc": 0.8659953619909502,
  "pr_auc": 0.7700597526335978,
  "recommended_threshold": 0.42999999999999994,
  "recommended_threshold_f1": 0.821520618556701
}