{
  "classification_report": "              precision    recall  f1-score   support\n\n           0     0.8856    0.7491    0.8117      3400\n           1     0.7270    0.8735    0.7935      2600\n\n    accuracy                         0.8030      6000\n   macro avg     0.8063    0.8113    0.8026      6000\nweighted avg     0.8169    0.8030    0.8038      6000\n",
  "confusion_matrix": [
    [
      2547,
      853
    ],
    [
      329,
      2271
    ]
  ],
  "roc_auc": 0.8549994343891403,
  "pr_auc": 0.7484785369751129
}