{
  "feature_order": [
    "throughput_bps_tx",
    "packets_sent",
    "packets_received",
    "packets_dropped",
    "drop_rate",
    "queue_length_max",
    "ptp_offset_mean",
    "ptp_offset_max",
    "rate_ratio_mean",
    "peer_delay_mean",
    "e2e_delay_avg",
    "e2e_delay_max",
    "e2e_delay_std",
    "has_ptp",
    "has_e2e"
  ],
  "mean": [
    22516287.42857387,
    14.034928571428571,
    12.477428571428572,
    8.633642857142856,
    0.20077662175912953,
    10.627142857142857,
    -4.6270460704607104e-07,
    2.20406504065041e-05,
    1.000055806912376,
    2.7131782945736434e-08,
    0.0,
    0.0,
    0.0,
    0.08135714285714286,
    0.0
  ],
  "std": [
    20218309.874930218,
    11.169710061235955,
    7.261517292395117,
    7.104012720258274,
    0.16307759190726293,
    18.633345082932795,
    3.280947661316766e-05,
    9.839059547531536e-05,
    0.010431945085231514,
    7.281975132422367e-07,
    1.0,
    1.0,
    1.0,
    0.27338280517119706,
    1.0
  ]
}