{
  "feature_order": [
    "throughput_bps_tx",
    "throughput_bps_rx",
    "packets_sent",
    "packets_received",
    "packets_dropped",
    "drop_rate",
    "queue_length_max"
  ],
  "mean": [
    3725712484.0336137,
    2203766462.745098,
    1385.7093837535015,
    1496.6778711484594,
    120.97899159663865,
    0.05459254651960783,
    23158.81232492997
  ],
  "std": [
    5205227065.764785,
    1691839631.583452,
    1032.1909180536725,
    1301.0110913510398,
    88.32046059848112,
    0.030176392159198616,
    45796.87881648402
  ]
}