{
  "feature_order": [
    "throughput_bps_tx",
    "packets_sent",
    "packets_received",
    "packets_dropped",
    "drop_rate",
    "queue_length_max",
    "ptp_offset_mean",
    "ptp_offset_max",
    "rate_ratio_mean",
    "peer_delay_mean",
    "e2e_delay_avg",
    "e2e_delay_max",
    "e2e_delay_std",
    "has_ptp",
    "has_e2e"
  ],
  "mean": [
    22516287.428574327,
    14.034928571428571,
    12.477428571428572,
    8.633642857142856,
    0.20077662175914596,
    10.627142857142857,
    -4.6270460704607326e-07,
    2.204065040650407e-05,
    1.0000558069123757,
    2.7131782945736434e-08,
    0.0,
    0.0,
    0.0,
    0.08135714285714286,
    0.0
  ],
  "std": [
    20218309.874930117,
    11.169710061235506,
    7.261517292395336,
    7.104012720258214,
    0.1630775919072548,
    18.633345082933765,
    3.280947661316766e-05,
    9.839059547531486e-05,
    0.010431945085231546,
    7.28197513242235e-07,
    1.0,
    1.0,
    1.0,
    0.273382805171198,
    1.0
  ],
  "recommended_threshold": 0.42999999999999994
}